SR NO,Authors,Title,Year,Sample Size,Child/Adult,Data Modality,ML/DL Algorithm,Comparison,Outcome
1,"Zahra Shamsi SA, Hussain Z and Zaman M",A multi-layer similarity approach for analyzing ADHD symptomology and assessment methods considering DSM-5 diagnostic criteria,2026,18,Child,Clinical Data ,"Random Forest, Support Vector Machine, Logistic Regression","ADHD-I, ADHD-H","Accuracy 92%, Precision 83%, Recall 100%, F1-score 91% "
2,"Nouf Jubran AlQahtani, Manar Gherbi, Ali Al-Shaikhi, Mohamed A Mohandes","Deep Learning Approaches to Evaluating ADHD Using EEG Data: RNN, GRU, and LSTM Models",2026,121,Child,EEG Signals,"RNN, GRU, Long Short-Term Memory","ADHD, Control",Accuracy 64.53%
3,"Mehzabin Pathan, Kanak Agrawal, Mansi Ahir, Atharv Bardapurkar, Mandar Deshpande, Anjali S More",Enhancing ADHD Diagnosis Using Machine Learning: A Study on the HYPERAKTIV Dataset,2026,103,Adult,Activity Data ,"Logistic Regression, Random Forest, GBM, Support Vector Machine, XGBoost","ADHD, Control",Accuracy 70.8% 
4,"Bora Başaran, Deniz Polat, Gökçe Nur Yılmaz",A Deep Machine Learning Approach to ADHD Classification Based on Activity Levels,2026,103,Adult,Activity Data ,"Random Forest, Support Vector Machine, Gradient Boosting","ADHD, Control",Accuracy 98.94% for ADHD. Accuracy 98.24% for non-ADHD.
5,"Yuan Gao, Jiahao Gao, Yibin Tang, Aimin Jiang, Ying Chen",Brain Functional Evolution in ADHD Subtypes Via Contrastive Learning,2026,532,Child,rs-fMRI ,"Recurrent Neural Networks, Long Short-Term Memory, Graph Convolutional Networks","ADHD-I, ADHD-C ",Accuracy 67.6%
6,"Ozlem Karabiber Cura, Fatma Gunseli Yasar Ciklacandir",Electroencephalography-based classification of individuals with attention deficit hyperactivity disorder using brain connectivity information and deep learning,2026,121,Child,EEG Signals,Convolutional Neural Network,"ADHD, Control",Accuracy 94.93%-100.00%
7,"Yuko Maeda, Tsukasa Okimura, Takashi Itahashi, Yusuke Fukazawa",ADHD prediction from individual-space T1 images using a Vision Transformer with a gross-region grid framework,2026,973,Child,MRI ,"Vision Transformer, Convolutional Neural Network","ADHD, Control",AUC 75%
8,"Sarah L Karalunas, Gowtham Atluri, Leanne Tamm, Jon Dudley, Tom Maloney, Sarah Pieper, Scott A Jones, John Simon, Phan Anh Duong, Bonnie J Nagel, Jeffery N Epstein",Interrogating cognitive and neural group variation in childhood: Examples in adolescent brain cognitive development and Oregon attention-deficit/hyperactivity disorder-1000 ,2026,10594,Child,"Cognitive data, MRI","Logistic Regression, Decision trees, Random Forest, Support Vector Machine, Naive Bayes","ADHD-I, ADHD","Reproducible Clusters, Significant Clinical Differences, Temporal Stability 45–65%, Agreement 84–100%"
9,"Guilherme Rodrigues Pedrollo, Alexandre Rosa Franco, Alexandre Balbinot",Attention-deficit/hyperactivity disorder classification in functional magnetic resonance images with deep learning,2026,623,Child,rs-fMRI ,"Ridge Regression, AdaBoost, XGBoost","ADHD-I, ADHD-C",Accuracy 97.6 ± 2.1% for ADHD. Accuracy 94.8 ± 1.3% for Subtype
10,"Luis Roberto Mercado-Diaz, Javier O Pinzon-Arenas, Paul A Constable, Irene O Lee, Lynne Loh, Dorothy A Thompson, Hugo F Posada-Quintero",ERG-Graph: Graph Signal Processing of the Electroretinogram for Classification of Neurodevelopmental Disorders,2026,278,Child,ERG Recordings ,"Random Forest, AdaBoost, Gradient Boosting, XGBoost, Support Vector Machine, KNN, MLP","ADHD, Control","Accuracy 91% (ASD vs. control, males), Accuracy 88% (ADHD vs. control, females), Accuracy 81% for three-group classification (ASD vs. ADHD vs. control)"
11,"Jie Gao, Bao Ge, Ning Qiang, Shijie Zhao",3D masked autoencoder with spatiotemporal transformer for modeling of 4D fMRI data,2026,2175,Child,fMRI,"Masked Autoencoder, Spatiotemporal Transformers","ADHD, Control",Improved ADHD Classification and Functional Brain Network Mapping
12,"Wang C, Li Z, Su J, Wang M, Zhang G.",Development and multi-center validation of a school-home integrated machine learning model for early screening of attention-deficit/hyperactivity disorder in school-aged children,2026,26726,Child,Questionaires,"Random Forest, XGBoost, Light Gradient Boosting Machine , Logistic Regression","ADHD, Control","AUPRC 29.8%, AUROC of 92.9%"
13,"Hirokazu Doi, Yoshifumi Nakamura, Ayaka Nakai, Chieko Kanai, Haruhisa Ohta",Comparison of cognitive ability and its distribution between men with autism spectrum disorder and attention-deficit/hyperactivity disorder,2026,728,Adult,Clinical Data ,Random Forest,"ADHD, Control","Accuracy 68.1%, Precision 79%, Recall 74%, Specificity 54%, F1 Score 76.5%"
14,"Kang S, Fu Z, Fan Z, Sun X, Yang L, Cao Q.",Predicting adult functional outcomes in childhood-onset attention-deficit/hyperactivity disorder using multimodal MRI and machine learning: A prospective follow-up study,2026,104,Both,MRI,Random Forest,"ADHD, Control",AUC 81.6%
15,"Hilario Blasco-Fontecilla, Javier Sánchez-Cerezo, Irene Gómez, Georgelina Abreu-Fernández, Sandra Ortiz, Jesús F Villoria, Miguel Blanco, Ana García, Julia Ballesteros, Roldán Martínez, Gerardo Gálvez, Fernando Maestú, Álvaro López-Medrano","Measuring Accuracy (Classification Probabilities, Positive, and Negative Predictive Values) of Executive Function Electroencephalogram Metrics in Attention-Deficit/Hyperactivity Disorder Diagnosis: Protocol for and Perspectives From the SINCRONIA Study",2026,165,Child,EEG Signals,ML,"ADHD-I, ADHD-C","This study enrolled 165 children aged 7–12 years and aims to develop an EEG functional-connectivity + machine-learning diagnostic algorithm for ADHD, with results expected to determine whether EEG-based diagnosis can match or outperform clinical assessment/CPT-3"
16,"Manjusha Deshmukh, Mahi Khemchandani, Paramjit Mahesh Thakur",Contributions of brain regions to machine learning-based classifications of attention deficit hyperactivity disorder (ADHD) utilizing EEG signals,2026,121,Child,EEG Signals,"Naïve Bayes, Random Forest, Decision Tree, K-Nearest Neighbors, Support Vector Machine, AdaBoost, Linear Discriminant Analysis","ADHD, Control",Accuracy 84%
17,"Tiosso Batistetti V, Sanchez FG, Varaona A, Lara-Abelenda F, Pinto da Costa M, Chart-Pascual JP, Rodriguez-Quiroga A, Quintero J, Alvarez-Mon MA.",Evaluating Public Sentiment on Attention-Deficit/Hyperactivity Disorder and Autism Spectrum Disorder Compared With Other Mental Health Disorders From Posts on X (Formerly Known as Twitter): Longitudinal Analysis,2026,852990,Both,Textual data,Transformer-Based Language Model ,"ADHD, Control","F1-scores 78% for English, F1-scores 79% for Spanish"
18,"Rodriguez VJ, Finley JA, Liu Q, Alfonso D, Basurto KS, Oh A, Nili A, Paltell KC, Hoots JK, Ovsiew GP, Resch ZJ, Ulrich DM, Soble JR.",Empirically derived symptom profiles in adults with attention-Deficit/hyperactivity disorder: An unsupervised machine learning approach,2026,382,Adult,"Clinical data, Questionnaires ",Gaussian Mixture Model ,"ADHD, Control","The algorithm identified two distinct symptom profiles in adults with ADHD (""ADHD-Plus""and ""ADHD-Predominate"") that are primarily differentiated by the severity of comorbid internalizing psychopathology (depression and anxiety) and the patient's sex, rather than by their neurocognitive test performance."
19,"Rachel Bamberger, Leon D Lotter, Nicolás Nieto, Tanja Poulain, Antje Körner, Wieland Kiess, Michael Fuchs, Georg von Polier",Voices of change: associations between vocal markers and symptoms of ADHD - Findings from the LIFE child study,2026,1460,Child,"Demographic data, Voice Recording, Questionnaires ",Ridge Regression,"ADHD, Control","MAE 1.902, R2 0.124, r 0.361"
20,"Hakan Kayış, Çınar Gedizlioğlu, Elif Mumcu, Ayşegül Tuğba Hıra Selen, Akın Tahıllıoğlu, Nurhak Doğan",Attention deficit hyperactivity disorder assessment through objective measures: POV glasses and machine learning approach,2026,66,Child,"Activity Data, Video data","Random Forests, Gradient Boosting, Extremely Randomized Trees, AdaBoost, Support Vector Machines, k-Nearest Neighbors","ADHD-I, ADHD-H ","Accuracy 81.82%, ROC–AUC of 0.85."
21,"Yufen Li, Liping Lin, Huaqiong Qiu, Weifeng Hou, Xiang Gao, Yan Dai, Boyan Xu, Yingqian Chen,",Investigation of quantitative synthetic MRI in the evaluation of attention-deficit/hyperactivity disorder,2026,100,Child,"MRI, Questionnaires","Support Vector Machine, Random Forest, Linear Regression","ADHD, Control",Accuracy 78%
22,"Seung Yun Choi, Jinwoo Lee, Junghoon Park, Eunji Lee, Bo‐Gyeom Kim, Gakyung Kim, Yoonjung","Individual differences in effects of stressful life events on childhood ADHD: genetic, neural, and familial contributions",2026,6303,Child,"Demographic data, Genetic data, Neuroimaging data. ",Random Forest,"ADHD, Control","Early-life stress significantly increases childhood ADHD symptoms with individual vulnerability dynamically shaped by combinations of parental psychopathology, polygenic risk scores, and brain structural connectivity."
23,"Ziqing Zhu, Yufei Liu, Qianrong Liu, Xinxin Yue, Meirong Pan, Yuan Gao, Ningning Liu, Haimei Li, Feifei Si, Mengjie Zhao, Min Dong, Yufeng Wang, Qiujin Qian, Wenjian Bi, Lu Liu",Multimodal-based deep learning detected disrupted precuneus connectivity and its related genetic profiles for predicting adults with ADHD,2026,501,Adult,"f-MRI, Genomics data",Graph Convolutional Network,"ADHD, Control",Accuracy 73.55%
24,"Volker Scheer, David Valero, Encarna Valero, Katja Weiss, Thomas Rosemann, Beat Knechtle",Examining attention- deficit/ hyperactivity disorder in endurance and ultra-endurance runners,2026,601,Adult,"Biometric data, Questionaires","Multivariate Logistic Regressor, ML, Adaboost","ADHD, Control","9.7% of endurance and ultra-endurance runners screened positive for ADHD traits, with the prevalence being highest among half-marathoners (14.8%) and younger runners (under age 40). Researchers observed no significant differences in ADHD prevalence based on sex (female 10.8% vs. male 9.0%) or performance level (elite vs. non-elite)."
25,"Shaymaa E Sorour, Lamia Hassan, Osman Elwasila, Tsunenori Mine, Mohamed Ali Nagy Elmaadaway",Hybrid Vi+ECNN framework for advanced ADHD diagnostic accuracy in medical imaging,2026,71,Child,MRI,"Vision Transformer, Convolutional Neural Network","ADHD, Control","Accuracy 99.4%, Precision 99.3%, Recall of 99.5%, F1-score 99%"
26,"Xin Wen, Shijie Guo, Li Dong, Wenbo Ning, Yanrong Hao, Songhua Liu, Haojie Lian, Xiaobo Liu, Rui Cao",Comorbidity-aware transfer learning for neuro-developmental disorder diagnosis,2026,2403,Child,fMRI,Transfer Learning ,"ADHD, Control","Accuracy 77.34% for ASD, Accuracy 73.28% for ADHD"
27,"Duo Liu, Ziqian Wei, Urs Maurer, Kevin Kien Hoa Chung, Jesus Alfonso D Datu, Liory Fern-Pollak, Taeko Wydell, Winnie Wan-Yee Tso, Fenghua Sun, Lirong Luo, Li-Chih Wang, Yen Na Yum, Guandong Xu, Su Li","Profiling Chinese children with symptoms of SpLD, ADHD, or ASD: a transdiagnostic and biopsychosocial study",2026,267,Child,"Cognitive data, Psychological data",K-means Clustering,"ADHD, Control","Children in the severe ""Linguistic Difficulties""and ""Psychosocial Difficulties""clusters experience significantly worse academic and mental health outcomes"
28,"Cynthia Kerson, Maha Yazbeck, Behnoosh Shahsavaripoor, Rebekah Walker, Phoebe Manalang-Monnier, Theodore Allen, L Eugene Arnold, Joel Lubar",EEG Connectivity as Predictor of ICAN ADHD Children's Improvement After Completion of Theta Beta Ratio Neurofeedback: Machine Learning Analyses,2026,83,Child,EEG Signals,"Random Forest, ML","ADHD-I, ADHD-C",Ventral/Dorsal Attention-Network connectivity and Delta/Hibeta frequency features are the strongest predictors
29,"Hakan Kayış, Çınar Gedizlioğlu",Leveraging point-of-view camera and MediaPipe for objective hyperactivity assessment in preschool ADHD,2026,51,Child,"Activity data, Video data","Support Vector Machine, k-Nearest Neighbors, AdaBoost, Extra Trees, Random Forest","ADHD-I, ADHD-H ","Accuracy 84.31%, Sensitivity 80.0%, Specificity 87.10%, AUC 83%"
30,"Omar Hamed, Farzaneh Etminani, Peter Jacobsson, Thomas Davidsson",Early detection of adults ADHD using electronic health records: A machine learning study,2026,7420,Adult,EHR Data,Transformer-based ML,"ADHD, Control","AUC 79%, F1-score 79%, Sensitivity 80%, Specificity 77%"
31,"Dandan Li, Zhenyu Zhao, Jiangyang Hao, Xingwang Dong, Yating Zhang, Jie Xiang, Bin Wang",Attention-Enhanced Temporal and Spatial Feature Extraction Network for ADHD Diagnosis based on fMRI,2026,747,Child,fMRI,"Temporal Cross-scale Convolutional Attention Module, Spatial Collaborative Attention-Guided Graph Representation Module, Spatial-Temporal KAN Network","ADHD, Control",Accuracy 76.06% ± 0.65%
32,"Wenyang Yang, Jingrui Yuan, Lin Ding, Steven Kwok Keung Chow",A neurofeedback-guided EEG and BCI framework for personalized attention rehabilitation in ADHD,2026,50,Both,EEG Signals ,"Support Vector Regression, Extreme Gradient Boosting, Multi-Layer Perceptron, Neural Network","ADHD, Control","Accuracy  98.26%, RMSE 85.60%, MAE 64.17%"
33,"Ebru Aker, Şerife Gengeç Benli, Zeynep Ak",Machine Learning-driven ADHD Classification: Exploring Medication Effects with VMD Sub-band Analysis,2026,123,Child,rs-fMRI ,"Support Vector Machines, Linear Discriminant Analysis, Artificial Neural Networks","ADHD-C ( medicated ), ADHD-C ( non-medicated )","Accuracy 96.34%  for non-medicated ADHD from controls, Accuracy 88.41% for medicated ADHD from controls. Accuracy 79.63%  between medicated and non-medicated ADHD, Overall Accuracy 69.51%"
34,"Traore, I., Megdiche, I., Marquet-Doléac, J., Chaari, L",A Hybrid Deep Learning and Ontology-Based Framework for Contextual Hyperactivity Detection in Children with ADHD,2026,2,Child,Activity data,Transformer,"ADHD, Control",F1-scores 87%
35,"Kadgaonkar, P. et al.",ISSN (Identification of Sex Specific Neurobehaviour): A Multimodal Machine Learning Model for Attention Deficit Hyperactivity Disorder (ADHD),2026,1214,Child,"Clinical data, Demographic data, fMRI","Support Vector Regression, Extreme Gradient Boosting, Random Forest","ADHD, Control","Accuracy 84% for ADHD, Accuracy 70% for Gender"
36,"Bousmaha, R., Meribai, K., Bouchemal, N., Bouchemal, N., &Ivanova, G. ",Robust Multi-Site ADHD Classification via GraphSAGE-Based Functional Connectivity Modeling from rs-fMRI,2026,973,Child,rs-fMRI,Graph Convolutional Network,"ADHD, Control",Accuracy 89.9%
37,"Celdrán, F.J., Reolid, R.S., González-García, J.J., Romero-Ayuso, D., Santos, O.C., González, P. ",Multimodal Temporal Deep Learning for ADHD Classification in Ecologically Valid Virtual Reality: An Exploratory Study,2026,12,Adult,"Behavioral data, Physiological data, Biological Data","Logistic Regression, Support Vector Machines, Random Forest, Gradient Boosting, Convolutional Neural Network ","ADHD, Control",Accuracy 79%
38,"Pérez-Rosero, D.A., Rios, N.B., Alvarez-Meza, A.M., Bonomini, M.P. ",Explainable AI-Based Connectivity Learning for ADHD Detection from EEG Signals,2026,121,Child,EEG Signals,XGBoost,"ADHD, Control","Accuracy 80.44%, Recall 80.37%, Precision 81.35%"
39,"V. Agrawal, A. Dalal and M. Jain",Explainable GCN-based ADHD Detection from Questionnaire Data via Patient Similarity Graphs,2026,9277,Child,"Survey, Questionnaires","K-Nearest Neighbors,  Graph Convolutional Network,  Logistic Regression, Gradient Boosting, Random Forests, Support Vector Machine, Decision Trees, MLP","ADHD, Control","F1 81.34%, AUC 95.87%"
40,"Vuyyuru PR, Korra SB and Nenavath SN",Digital pathology of the living brain: a voxel-level spatio-temporal network for explainable ADHD diagnosis from raw rs-fMRI across multiple scanner sites,2026,760,Child,rs-fMRI,Convolutional Neural Network,"ADHD, Control","Accuracy 98.7 ± 0.4%, Sensitivity 98.2%, Specificity 99.1%, AUC 99.4%"
41,"Yang Li, Zilong Ma, Walter Falchi, Liyuan Huang, Zehuan Chen, Hai Wang",Prediction of treatment response and adverse events in pediatric ADHD treated with acupuncture combined with conventional treatment,2026,809,Child,"Demographic data, Behavioral data, Clinical data",XGBoost,"ADHD, Control",AUROC 83%
42,"Castro-Verazas, E.A., Lima-Portillo, S.B., Hernández-Farías, D.I., Reyes-García, C.A.",Machine Learning Algorithms for Identifying Attention-Deficit/Hyperactivity Disorder Processing Electroencephalographic Signals,2026,29,Adult,EEG Signals,"Random Forest, Support Vector Machine, XGBoost","ADHD, Control",Supervised ML models can identify ADHD-related patterns from EEG signals
43,"J. Vara, D. Dioses, and L. Wong, ",A Mobile Application for the Early Detection of ADHD Using Random Forest: The Case Study of Primary School Students in Peru,2026,116,Child,"Demographic data, Behavioral data, Questionnaires ",Random Forest,"ADHD, Control","Specificity 100%, Accuracy 93.3%, Sensitivity 50%"
44,"Prashant Wakhare, Govinda B. Sambare, Pawar Atul Gulabrao, Ganesh Vitthal Kadam, Rajesh Lomte, Shailesh B. Galande",An Explainable Deep Learning Framework for Early Identification of Learning Challenges in Students with Attention Deficit Hyperactivity Disorder,2026,1248,Child,"Behavioral data,  Cognitive data",Convolutional Neural Network ,"ADHD, Control","Accuracy 91.45%, Precision 90.82%, Recall 90.17%, F1-score 90.48%, AUC-ROC 94%"
45,"Jose Javier Garcia-Medina, Carmen Miquel-Lopez, Camila Yane-Gauffin, Antonio Eusebio Lopez-Hernandez, Maravillas De-Paco-Matallana, Javier Martinez-Soria, Diego Garcia-Ayuso, Monica Del-Rio-Vellosillo,",Machine-Learning Analysis of Retinal OCT Measurements for Differentiating ADHD From Controls,2026,100,Both,Retinal Image Data,Light Gradient Boosting Machine ,"ADHD, Control","AUROC 88.08%, Accuracy 95%,  Sensitivity 86-90%, Specificities 70-72%"
46,"Peng Wang, Jiayi Duan, Yuqing Xing, Ruihang Xu, Anyuan Xu, Haodong Chen, Shengchao Hu, Tao Wang, Shuang Liu,",Explainable anomaly detection and localization for ADHD in MRI using topological features,2026,973,Child,MRI,Autoencoder,"ADHD, Control",Accuracy 74.53%
47,"Goh, P.K., Rogers, M.A., Wong, A.A.W.W.A. et al. ",A Machine Learning Approach to Classifying School Absenteeism Patterns in Youth with ADHD,2026,194,Child,"Demographic data, Behavioral data, Questionnaires ",Random Forest,"ADHD, Control",AUC 75–79%
48,"Pastrana-Cortés, J. D., Gomez-Rivera, A., Álvarez-Meza, A. M., Gil-Gonzalez, J., &Cárdenas-Peña, D.",Temporal Attention and Convolutional Tokenization for Interpretable EEG-Based ADHD Identification in Children,2026,121,Child,EEG Signals,Transformer,"ADHD, Control","Accuracy 87.5%, Recall 96.0%, Precision 82.8%"
49,"Qin, H., Zhang, L., Wang, J., Yan, W., Wang, X., Qu, X., Peng, N., Wang, L.",Interpretable machine learning approaches for children’s ADHD detection using clinical assessment data: an online web application deployment,2025,973,Child,"rs-fMRI, Biological data, Demographic data","Decision Tree, K Nearest, Random Forest, Support Vector Machine","ADHD-I, ADHD-C","AUC 99% for RF, AUC 96%, Accuracy 83% for SVM"
50,"Aitken, A., Lazerwitz, M.C., Eash, A., Hattangadi, N., Mukherjee, P., Marco, E.J., Shapiro, K.A.",Predictive modeling of adaptive behavior trajectories in autism: insights from a clinical cohort study,2025,1225,Child,Clinical data,"Random Forest, Support Vector Machine","ADHD, Control",Accuracy 77%
51,"Isaev, D.Y., Major, S., Carpenter, K.L.H., Grapel, J., Chang, Z., Di Martino, M., Carlson, D., Dawson, G., Sapiro, G.",Use of computer vision analysis for labeling inattention periods in EEG recordings with visual stimuli,2025,23,Child,Video data,MLP,"ADHD, Control","AUC 98.9%, Cohen’s κ 88.8%"
52,"Neufang, S., Li, F., Akhrif, A., Beyan, O.D.","Toward a fair, gender-debiased classifier for the diagnosis of attention deficit/hyperactivity disorder- a Machine-Learning based classification study",2025,400,Child,Textual data,XGBoost,"ADHD, Control",Accuracy 88.3%
53,"Pecci-Terroba, C., Lai, M.-C., Lombardo, M.V., Chakrabarti, B., Ruigrok, A.N.V., Suckling, J., Anagnostou, E., Lerch, J.P., Taylor, M.J., Nicolson, R., Georgiades, S., Crosbie, J., Schachar, R., Kelley, E., Jones, J., Arnold, P.D., Seidlitz, J., Alexander-Bloch, A.F., Bullmore, E.T., Baron-Cohen, S., Bedford, S.A., Bethlehem, R.A.I.",Subgrouping autism and ADHD based on structural MRI population modelling centiles,2025,4115,Adult,MRI,HYDRA ,"ADHD, Control",Algorithm and Feature Selection significantly impact the Subgroups identified
54,"Wang, F., Ke, H., Cai, C.",Deep Wavelet Self-Attention Non-negative Tensor Factorization for non-linear analysis and classification of fMRI data,2025,642,Adult,MRI,Convolutional Neural Network,"ADHD, Control",Accuracy 86%
55,"Ullah, M.Z., Ta, N., Yu, D.",A weighted dispersion entropy based EEG analysis for ADHD diagnosis,2025,121,Adult,EEG Signals,GRU,"ADHD, Control","Accuracy 93.20%, ROC 98%"
56,"Pelland-Goulet, P., Arguin, M., Brisebois, H., Gosselin, N.",Visual processing oscillates differently through time for adults with ADHD,2025,121,Child,EEG Signals,Support Vector Machine,"ADHD, Control",Accuracy 91.8%
57,"Sanchis, J., Teruel, M.A., Trujillo, J.",A Decision Support System Based on multi-head convolutional and Recurrent nns for assisting physicians in diagnosing ADHD,2025,42041,Child,EEG Signals,"Convolutional Neural Network,  Ensemble","ADHD, Control","Accuracy 94.87%, Recall 98.33%"
58,"Yu, R., Zhang, X., Chen, Y.",Graph Neural Networks for ADHD Identification in Children,2025,2097,Child,ECG Signals,"Graph Neural Network, XGBoost","ADHD, Control","F1-Score 83.31%, Recall 83.36%, Precision 83.70%, Accuracy 83.36%"
59,"Festag, S., Herberger, S., Spreckelsen, C., Krefting, D., Fietze, I., PENZEL, T., Marschik, P.B., Spicher, N.",Age estimation for disorder characterization from pediatric polysomnograms,2025,1971,Adult,Image data,"Neural Network, Transformer","ADHD, Control","5 min of PSG is sufficient for age estimation, yielding a mean absolute error of 1. 816 years"
60,"Baibulova, M., Aitimov, M., Burganova, R., Abdykerimova, L., Sabirova, U., Seitakhmetova, Z., Uvaliyeva, G., Orynbassar, M., Kassekeyeva, A., Kassim, M.",A Hybrid Convolutional nn–GRU–LSTM Algorithm with SHAP-Based Interpretability for EEG-Based ADHD Diagnosis,2025,121,Child,EEG Signals,"Convolutional Neural Network,  GRU, Long Short-Term Memory, RNN, Transformer","ADHD, Control",Accuracy 99.63%
61,"Patel, R., Dwivedi, K., Singh, R., Tiwary, I., Muniraj, M., Adhikari, M.S., Tripathi, S.K.",Investigation of Sentiment Analysis for the Diagnosis of ADHD,2025,400,Both,Textual data,"Ensemble, Naive Bayes, Neural Network, Support Vector Machine, Transformer","ADHD, Control",Accuracy 93%
62,"Deepika, Sharma, M., Arora, S.",Redefining parameter-efficiency in ADHD diagnosis: A lightweight attention-driven kolmogorov-arnold network with reduced parameter complexity and a novel activation function,2025,973,Child,fMRI,"Autoencoder,  Neural Network","ADHD, Control","Accuracy 79.25%, F1-score 78.75%, Precision 78.23%"
63,"Luo, Y., Chen, Q., Li, F., Yi, L., Xu, P., Zhang, Y.",Hierarchical feature extraction on functional brain networks for autism spectrum disorder identification with resting-state fMRI data,2025,973,Child,fMRI,"Convolutional Neural Network, K-Means, Transformer","ADHD, Control","Accuracy 73.57%, Sensitivity 72.63%, Specificity 74.90%, F1-score 71.04%"
64,"Li, X., Liu, X., Jiang, Y., Cui, J., Ji, Y., Cheng, F., Zhou, D.",Identifying neuroimaging biomarkers of attention-deficit hyperactivity disorder (ADHD) from cortical hemodynamic responses during Go/NoGo task using machine learning approaches,2025,185,Child,fNIRS,Random Forest,"ADHD, Control","AUC 91%, Accuracy 89.2%, Sensitivity 95%, Specificity 82.4%"
65,"Li, Y., Wang, H., Cai, H., Lan, S., Dai, Y., Xu, B., Su, S., Zhang, H., Yang, Z., Chen, Y.",Brain iron deficiency in children with attention deficit hyperactivity disorder using iterAtive magnetic suscePtibility sources sepARaTion (APART-QSM),2025,71,Child,MRI,"Random Forest, Support Vector Machine","ADHD, Control","AUC 75.6%, Sensitivity 77.8%, Specificity 68.6%, Accuracy 73.2%"
66,"Meijs, H., Luykx, J.J., van der Vinne, N., Breteler, R., Gordon, E., Sack, A.T., van Dijk, H., Arns, M.",A Deep Learning–Derived Transdiagnostic Signature Indexing Hypoarousal and Impulse Control: Implications for Treatment Prediction in Psychiatric Disorders,2025,4691,Child,EEG Signals,Convolutional Neural Network,"ADHD, Control","Brainmarker-III, is associated with remission to methylphenidate in children with ADHD in a sex-specific manner and with remission to antidepressant medication in adults with DD in a drug-specific manner"
67,"Hu, Y., Zeng, Y., Fu, T., Hong, D., Yang, H., Zhu, Z., Cheng, D., Dang, C., Song, Y., Yang, C., Yin, W., Zhou, Y.","Functional connectivity anomalies in medication-naive children with ADHD: Diagnostic potential, symptoms interpretation, and a mediation model",2025,74,Child,EEG Signals,Support Vector Machine,"ADHD, Control",AUC 89%
68,"Vahedifard, F., Birmaher, B., Iyengar, S., Wolfe, M., Brianna N, L., Chobany, M., Abdul-Waalee, H., Malgireddy, G., Hart, J.A., Bertocci, M.A., Diler, R.S.",Maximum and minimum activity in inpatient adolescents with Bipolar Disorders: Daily-Variability classification of actigraphy pattern with artificial intelligence,2025,389,Child,"Behavioral data, Physiological data","Random Forest, Support Vector Machine, XGBoost","ADHD, Control",Accuracy 91.5%
69,"Hosseini, E., Hosseini, S.A., Servaes, S., Hall, B., Rosa-Neto, P., Moradi, A.-R., Kumar, A., Pedram, M.M., Chawla, S.",Transforming 3D MRI to 2D Feature Maps Using Pre-Trained Models for Diagnosis of Attention Deficit Hyperactivity Disorder,2025,973,Child,fMRI,"Convolutional Neural Network,  GRU, Long Short-Term Memory","ADHD, Control","Accuracy 86%, ROC-AUC 90%"
70,"Priya, M.G., Pattabiraman, P.","EVALUATION OF ADHD: CLASSIFICATION, TREATMENT STRATEGIES IN PEDIATRIC AND ADOLESCENT POPULATIONS USING MACHINE LEARNING",2025,49,Both,EEG Signals,Convolutional Neural Network,"ADHD, Control",Accuracy 84%
71,"Usha Rupni, K., Aruna Priya, P.",Attention deficit hyperactivity disorder subtypes classification: a machine learning approach with phenotypic information and brain tissue volume,2025,973,Child,fMRI,"Deep Learning, Gradient Boosting, XGBoost","ADHD‑I, ADHD‑C",Accuracy 92.98%
72,"Lee, H., Belitz, C., Nasiar, N., Bosch, N.",XAI Reveals the Causes of Attention Deficit Hyperactivity Disorder (ADHD) Bias in Student Performance Prediction,2025,277,Adult,Textual data,"K Nearest, Support Vector Machine","ADHD, Control","Behavioral features have stronger correlation between absolute SHAP values and prediction errors (r = .354, p = .013) for students with ADHD"
73,"Pedrollo, G.R., Franco, A.R., Balbinot, A.",Investigation of electroencephalography in attention-deficit hyperactivity disorder subtype classification with machine learning,2025,499,Both,EEG Signals,"Ensemble, Random Forest, XGBoost","ADHD-I, ADHD-C, Control","Accuracy 92.1 ± 0.5% for ADHD/Control,  Accuracy 97.7 ± 0.3% for subtype"
74,"Usha Rupni, K., Aruna Priya, P.",Local interpretable model-agnostic explanations guided brain magnetic resonance imaging classification for identifying attention deficit hyperactivity disorder subtypes,2025,973,Child,fMRI,Convolutional Neural Network,"ADHD-I, ADHD-C",Accuracy 95.5275%
75,"Zhao, Y., Fu, Z., Barnett, E.J., Wang, N., Zhang, K., Gao, X., Zheng, X., Tian, J., Zhang, H., Ding, X., Li, S., Li, S., Cao, Q., Chang, S., Wang, Y., Faraone, S.V., Yang, L.",Genome data based deep learning identified new genes predicting pharmacological treatment response of attention deficit hyperactivity disorder,2025,241,Child,Genomic data,Convolutional Neural Network,"ADHD, Control","Accuracy 83%, Sensitivity 90%, Specificity 75%"
76,"Rehman, A., Lin, J.C.-W., Heldal, I.",Enhancing Psychologists'Understanding Through Explainable Deep Learning Framework for ADHD Diagnosis,2025,973,Child,fMRI,"Convolutional Neural Network,  RNN","ADHD-I, ADHD-C, ADHD-H","F1‐score 99% for HyExDNN‐RNN, F1‐score 94.2% for  multi‐class categorization"
77,"Gülhan, P.G., Özmen, G.",The Use of fMRI Regional Analysis to Automatically Detect ADHD Through a 3D CNN-Based Approach,2025,973,Child,fMRI,Convolutional Neural Network,"ADHD, Control","Accuracy 76.19% (NI), Accuracy 69.92% (NYU), Accuracy 70.77% (PU)"
78,"Mao, Y., Qi, X., He, L., Wang, S., Wang, Z., Wang, F.",Advanced machine learning techniques reveal multidimensional EEG abnormalities in children with ADHD: a framework for automatic diagnosis,2025,121,Child,EEG Signals,"Random Forest, XGBoost","ADHD, Control",Accuracy 99.58%
79,"Kim, J.W., Kim, B.-N., Kim, J.I., Yang, C.-M., Kwon, J.",Electroencephalogram (EEG) Based Prediction of Attention Deficit Hyperactivity Disorder (ADHD) Using Machine Learning,2025,168,Child,EEG Signals,"Gradient Boosting, XGBoost","ADHD, Control","Accuracy 90.81%, F1-score 93.47%"
80,"Bansal, J., Gangwar, G., Aljaidi, M., Alkoradees, A., Singh, G.",EEG-Based ADHD Classification Using Autoencoder Feature Extraction and ResNet with Double Augmented Attention Mechanism,2025,121,Child,EEG Signals,"Autoencoder, Neural Network, Random Forest","ADHD, Control","Accuracy 99.42%, Precision 99.03%, Recall 99.82%, F1-score 99.42%"
81,"Namasse, Z., Tabaa, M., Hidila, Z., Mouchawrab, S.",Explainable Artificial Intelligence for Predicting Attention Deficit Hyperactivity Disorder in Children and Adults,2025,50000,Both,Demographic data,"Logistic Regression, XGBoost","ADHD, Control","Accuracy 99% LR for children, Accuracy 100% XGB for adults"
82,"Chen, M., van der Pal, Z., Poirot, M.G., Schrantee, A., Bottelier, M., Kooij, S.J.J., Marquering, H.A., Reneman, L., Caan, M.W.A.",Prediction of methylphenidate treatment response for ADHD using conventional and radiomics T1 and DTI features: Secondary analysis of a randomized clinical trial,2025,83,Adult,"Clinical data, Questionaires",XGBoost,"ADHD, Control","Accuracy 68%, AUC-ROC 73% for total cohort, Accuracy 64%, AUC-ROC 62% for Children, Accuracy 64%, AUC-ROC 69% for Adults"
83,"Ma, H., Xu, Y., Tian, L.",RS-MAE: Region-State Masked Autoencoder for Neuropsychiatric Disorder Classifications Based on Resting-State fMRI,2025,642,Both,rs-fMRI,"Autoencoder,  Neural Network","ADHD, ASD, AD, SCZ","Accuracy 76.32% for ADHD, Accuracy 77.25% for ASD, Accuracy 88.87% for AD, Accuracy 76.53% for SCZ"
84,"Ahire, N., Awale, R.N., Wagh, A.",Classification of attention deficit hyperactivity disorder using machine learning on an EEG dataset,2025,121,Child,EEG Signals,"Gradient Boosting, K Nearest, Random Forest","ADHD, Control",Accuracy 87%
85,"Ahire, N., Awale, R.N., Wagh, A.",Electroencephalogram (EEG) based prediction of attention deficit hyperactivity disorder (ADHD) using machine learning,2025,121,Child,EEG Signals,"K Nearest, Naive Bayes, Random Forest","ADHD, Control",Accuracy 96%
86,"Kusuma Ramadhani, L.D., Pratiwi, H., Respatiwulan, R., Ferawati, K., Handajani, S.S., Susanti, Y.",An Algorithmic Comparison for Robust ADHD Classification on Imbalanced National Health Survey Data,2025,54749,Child,Survey,"Deep Learning, Gradient Boosting, Random Forest, XGBoost","ADHD, Control","F1-score 84%, Accuracy 93%"
87,"Sabnis, M., Desai, S.",FMRI-Based ADHD Diagnosis and Sex Prediction: A Machine Learning Approach,2025,1200,Child,"fMRI, Demographic data, Behavioral data","Deep Learning, Ensemble, Gradient Boosting, Logistic Regression, Random Forest, Support Vector Machine, XGBoost","ADHD, Control",F1-score 72.53%
88,"Jiang, Z., Chan, A.Y.L., Lum, D., Wong, K.H.T.W., Leung, J.C.N., Ip, P., Coghill, D., Wong, R.S., Ngai, E.C.H., Wong, I.C.K.",Wearable Signals for Diagnosing Attention-Deficit/Hyperactivity Disorder in Adolescents: A Feasibility Study,2025,30,Child,Socio-demographic data,"Gradient Boosting, XGBoost","ADHD, Control",AUC 84.4%
89,"Zheng, Z., Weng, L.","EEG Classification of Students with High Ability, Average Ability, Low Ability, and ADHD Through Empirical Wavelet Transform",2025,141,Adult,EEG Signals,Support Vector Machine,"ADHD, Control",Accuracy 78.91%
90,"Wang, Y.-C., Cheng, C.-Y., Wu, C.-S., Lee, C.-C., Gau, S.S.-F.",Clinical correlates of errors in machine-learning diagnostic model of autism spectrum disorder: Impact of sample cohorts,2025,1203,Child,Clinical data,"Logistic Regression, Support Vector Machine","ADHD, Control","AUC 83%, Sensitivity 57.6%, Specificity 89.9%"
91,"Caraka, R.E., Supardi, K., Gio, P.U., Isnaniawardhani, V., Chen, R.C., Djatmiko, B., Pardamean, B.",Big Data Analytics for Uncovering Voxel Connectivity Patterns in Attention Deficit Hyperactivity Disorder,2025,5937,Adult,Image data,"Bayesian, K-Means Clustering, Neural Network, Random Forest, Support Vector Machine","ADHD, Control",Accuracy 91.43%
92,"Grummitt, L., Visontay, R., Clare, P., Slade, T., Birrell, L.",Multivariable machine learning prediction of risky alcohol use in contemporary youth,2025,4983,Child,Textual data,"Ensemble, Random Forest, Support Vector Machine","ADHD, Control",AUC 79.2%
93,"Jaafar, N.A., Mohammed, R.J., Ahmed, S.T., Kadhim, Q.K., Abdulkader, R.M.",Artificial intelligence methods for identification of ADHD in children based on EEG signals,2025,61,Child,EEG Signals,"Convolutional Neural Network, Support Vector Machine","ADHD, Control",Accuracy 98.69%
94,"Li, X., Xu, H., Cao, Y., Lu, X., Duan, H., Shu, Q., Wang, W., Li, H.",Detection of ADHD from ECG Signals via Deep Learning-Based Feature Extraction,2025,123,Child,ECG Signals,Convolutional Neural Network,"ADHD, Control","Accuracy 95.20%, Precision 95.21%, Recall 95.15%, F1-score 95.15%"
95,"Luo, L., Yuan, J., Xu, C., Xu, H., Tan, H., Shi, Y., Zhang, H., Xi, H.",Mental Health Issues and 24-Hour Movement Guidelines–Based Intervention Strategies for University Students With High-Risk Social Network Addiction: Cross-Sectional Study Using a Machine Learning Approach,2025,12541,Adult,Questionaires,Random Forest,"ADHD, Control","Accuracy 91.2% for ASRS, F1-score 92.7%, F1-score 87.3% for substance use, F1-score 83.6% for mania"
96,"Le, N.T., Huynh, N.L.V., Phan, H.K., Le, C.D., Tran, T.T.",Towards ADHD Identification in Children Through Eye Tracker Data Analysis,2025,34,Child,Retinal data,"Ensemble, Random Forest, XGBoost","ADHD, Control","AUROC 94%, Accuracy 88%"
97,"Deshmukh, M., Khemchandani, M., Mhatre, M.",Impact of brain regions on attention deficit hyperactivity disorder (ADHD) electroencephalogram (EEG) signals: Comparison of machine learning algorithms with empirical mode decomposition and time domain analysis,2025,121,Adult,EEG Signals,"Decision Tree, K Nearest, LDA, Naive Bayes, Random Forest, Support Vector Machine","ADHD, Control","Accuracy 87% for FPO of brain, Accuracy 84% FCP of  brain"
98,"Li, Y., Zeng, W., Dong, W., Cai, L., Wang, L., Chen, H., Yan, H., Bian, L., Wang, N.",MHNet: Multi-view High-Order Network for Diagnosing Neurodevelopmental Disorders Using Resting-State fMRI,2025,1112,Both,MRI,"Convolutional Neural Network, Graph Neural Network","ADHD, Control","Accuracy 76.29% for ABIDE-I, Accuracy 75.16% for ABIDE-II, Accuracy 70.33% for ADHD-200"
99,"Parameswaran, S., Arulmozhi, P., Indumathi, K., Mariya Rodax, D., Pradeep, G., Renuga Devi, J.",Prediction of Attention Deficit Hyperactivity Disorder and Autism Spectrum Disorder Patients Emotion Recognition using Machine Learning Models,2025,973,Child,fMRI,"Convolutional Neural Network, Random Forest, RNN","ADHD, Control",Accuracy 92%
100,"Rahman, M.M.",Unlocking the potential of wearable technology: Fitbit-derived measures for predicting ADHD in adolescents,2025,11874,Child,"Fitbit measurements, fMRI, Socio-demographic data","Logistic Regression, Random Forest","ADHD, Control","Accuracy 89%, AUC 95%, Precision 88%, Recall 90%, F1-score 89%"
101,"Ahire, N.",Attention-driven deep learning framework for EEG analysis in ADHD detection,2025,121,Child,EEG Signals,"Convolutional Neural Network, Gradient Boosting, Random Forest, Support Vector Machine","ADHD, Control",Accuracy 97.60%
102,"Zhang, X., Xiao, X., Luo, Y., Xiao, W., Cao, Y., Chang, Y., Wu, D., Xu, H., Zhao, J., Deng, X., Jiang, Y., Xie, R., Liu, Y.",Machine Learning Based Early Diagnosis of ADHD with SHAP Value Interpretation: A Retrospective Observational Study,2025,740,Child,Clinical data,Gradient Boosting,"ADHD, Control",AUC 87.2%
103,"Loh, D.R., Hill, E.D., Liu, N., Dawson, G., Engelhard, M.M.",Limitations of Binary Classification for Long-Horizon Diagnosis Prediction and Advantages of a Discrete-Time Time-to-Event Approach: Empirical Analysis,2025,43536,Child,EHR Data,"Bayesian, Logistic Regression, Neural Network","ADHD, Control",AUC 72%
104,"Archana, P., Terlapu, S.K., Srilakshmi, M., Venkata Subbarao, M., Viswanadham, V.",Prediction of Attention Deficient Hyperactivity Disorder from Multi-dimensionality Dataset Using Machine Learning Techniques,2025,42778,Both,Survey,"Bayesian, Decision Tree, K Nearest, Logistic Regression, Support Vector Machine","ADHD, Control",Accuracy 91%
105,"Mausd, A., Ali, Md.S., Ruku, N.I., Mallick, D., Parvez, Md.S., Shanto, Md.R.J., Al-Nuwaiser, W.M., Akhund, T.Md.",EEG-Based Neurofeedback for ADHD in Children: Enhancing Attention and Reducing Impulsivity Using Machine Learning,2025,100,Child,EEG Signals,"Decision Tree, K Nearest, Logistic Regression, Random Forest, Support Vector Machine","ADHD, Control","Recall 98.46%, Accuracy 97.53%"
106,"Lim, S., Dong, S.-Y., Mcintyre, R.S., Chiang, S.-K., Ho, R.C.",Exploring Functional Connectivity in Attention Deficit/Hyperactivity Disorder: A Functional Near-Infrared Spectroscopy Study With Machine Learning Analysis,2025,150,Adult,fNIRS,Support Vector Machine,"ADHD, Control","Accuracy 80%, Precision 80%, Recall 80.8%, F1-score 79.9%"
107,"Li, L., Guo, X., Yang, Z., Zhao, Y., Liu, X., Yang, J., Chen, Y., Peng, X., Han, L.",ADHD detection from EEG signals using GCN based on multi-domain features,2025,118,Child,EEG Signals,"Convolutional Neural Network, GCN, Long Short-Term Memory, Random Forest, Support Vector Machine, XGBoost","ADHD, Control","Accuracy 97.29% for first dataset, Accuracy 96.67% for second dataset"
108,"Ichikawa, I., Nagai, Y., Kuniyoshi, Y., Wada, M.",Machine learning model for reproducing subjective sensations and alleviating sound-induced stress in individuals with developmental disorders,2025,57,Adult,Questionaires,Neural Network,"ADHD, Control",Correlation 71.9%
109,"Choi, H., Hong, J., Kang, H.G. et al.",Retinal fundus imaging as biomarker for ADHD using machine learning for screening and visual attention stratification,2025,646,Child,Retinal data,"Random Forest, XGBoost, Extra Trees Classifier, Logistic Regression","ADHD, Control","Sensitivity of 91.6%, Specificity of 92.0%, Positive Predictive value 91.8%, Negative predictive value 91.9%, F1-score of 91.7%"
110,"Alhussen, A., Alutaibi, A.I., Sharma, S.K. et al.",Early attention-deficit/hyperactivity disorder (ADHD) with NeuroDCT-ICA and rhinofish optimization (RFO) algorithm based optimized ADHD-Attentionnet,2025,188,Adult,"EEG Signals, Diagnostic data",MLP,"ADHD, Control","Accuracy 98.52%, F-score 98.26%, Specificity 98.16%"
111,"Samarth Narvekar1, *, Manaswi Pitake1, Sakshi Galatage1, Vaibhav Deopa1, Rajashri Khanai1, Salma Shahapur1",The Unquiet Mind: ADHD and The Feminine Experience,2025,1213,Adult,"Behavioral data, Physiological data","Random Forest, Gradient Boosting, KNN, Logistic Regression","ADHD, Control","Accuracy 87.2%, Precision 88.9%, Recall 86.7%, F1-score 88.0%"
112,"García-Ponsoda, S., Maté, A., Trujillo, J.",Refining ADHD diagnosis with EEG: The impact of preprocessing and temporal segmentation on classification accuracy,2024,121,Child,EEG Signals ,"K Nearest, Support Vector Machine, XGBoost","ADHD, Control",Accuracy 86.1%
113,"Hassan, U., Singhal, A.",Convolutional Neural Network framework for EEG-based ADHD diagnosis in children,2024,121,Child,EEG Signals ,Convolutional Neural Network,"ADHD, Control",Accuracy 99.08%
114,"Andrikopoulos, D., Vassiliou, G., Fatouros, P., Tsirmpas, C., Pehlivanidis, A., Papageorgiou, C.",Machine learning-enabled detection of attention-deficit/hyperactivity disorder with multimodal physiological data: a case-control study,2024,76,Adult,"Physiological data, Questionaires","K Nearest, Logistic Regression, Random Forest, Support Vector Machine","ADHD, Control","Accuracy 81.6%, Sensitivity 81.4%, Specificity 81.9%"
115,"Nouri, A., Tabanfar, Z.",Detection of ADHD Disorder in Children Using Layer-Wise Relevance Propagation and Convolutional nn: An EEG Analysis,2024,61,Child,EEG Signals,Convolutional Neural Network,"ADHD, Control",Accuracy 94.52%
116,"Bibi, H.W., Ooi, C.P., Lih Oh, S.L., Barua, P.D., Tan, Y.R., Acharya, U.R., Fung, D.S.S.",ADHD/CD-NET: automated EEG-based characterization of ADHD and CD using explainable deep nn technique,2024,244,Child,EEG Signals,Convolutional Neural Network,"ADHD, Control","Accuracy 93.70%, Sensitivity 90.83%, Specificity 95.35%, Precision 91.85% for internal evaluation, Accuracy 98.19%, Sensitivity 98.36%, Specificity 98.03%, Precision 98.06% for external evaluation"
117,"Alsharif, N., Al-Adhaileh, M.H., Alsubari, S.N., Al-Yaari, M.",ADHD Diagnosis Using Text Features and Predictive Machine Learning and Deep Learning Algorithms,2024,10000,Both,Textual data,"Deep Learning, Random Forest","ADHD, Control","F1-score 84%, AUC 81%"
118,"Agarwal, S., Raj, A., Chowdhury, A., Aich, G., Chatterjee, R., Ghosh, K.",Investigating the impact of standard brain atlases and connectivity measures on the accuracy of ADHD detection from fMRI data using deep learning,2024,973,Both,rs-fMRI,Neural Network,"ADHD, Control",Accuracy 74.48-90.90%
119,"Sharma, A., Jain, A., Sharma, S., Gupta, A., Jain, P., Mohanty, S.P.",iPAL: A Machine Learning Based Smart Healthcare Framework for Automatic Diagnosis of Attention Deficit/Hyperactivity Disorder,2024,973,Child,fMRI,"Ensemble, Logistic Regression, Neural Network, Support Vector Machine","ADHD, Control","Accuracy 92.5% for binary classification, Accuracy 99% using ensemble classifier"
120,"Prasse, P., Reich, D.R., Makowski, S., Scheffer, T., Jäger, L.A.",Improving cognitive-state analysis from eye gaze with synthetic eye-movement data,2024,1878,Both,Retinal data,Neural Network,"ADHD, Control",AUC 68%
121,"Sanchis, J., García-Ponsoda, S., Teruel, M.A., Trujillo, J., Song, I.-Y.",A novel approach to identify the brain regions that best classify ADHD by means of EEG and deep learning,2024,121,Child,EEG Signals,"Neural Network, Support Vector Machine","ADHD, Control",F1-Score 82.81%
122,"Alsharif, N., Al-Adhaileh, M.H., Al-Yaari, M.",Accurate Identification of Attention-deficit/ Hyperactivity Disorder Using Machine Learning Approaches,2024,221,Both,Phenotypic data,"Decision Tree, Random Forest, Support Vector Machine","ADHD, Control",Accuracy 91%.
123,"Maniruzzaman, M., Hirooka, K., Tomioka, Y., Hasan, M., Seok Hwang, Y., Megumi, A., Yasumura, A., Shin, J.",Machine Learning-Based ADHD Detection From fNIRs Signal During Reverse Stroop Tasks,2024,243,Child,"fNIRs, Questionnaires","K Nearest, Logistic Regression, Neural Network, Random Forest, Support Vector Machine","ADHD, Control","Accuracy 91.67%, Sensitivity 95.92%, Specificity 82.61%, Precision 92.16%, F1-Score 94%, Cohen’s Kappa 80.38%, Geometric Mean 89.02%, AUC 95.5%"
124,"Abdullah, M., Negied, N.","Detection and Prediction of Future Mental Disorder From Social Media Data Using Machine Learning, Ensemble Learning, and Large Language Models",2024,2116104,Both,Textual data,"Ensemble, Logistic Regression, XGBoost","ADHD, Control",F1-Score 80%
125,"Alsharif, N., Al-Adhaileh, M.H., Al-Yaari, M.",Diagnosis of attention deficit hyperactivity disorder: A deep learning approach,2024,121,Child,EEG Signals,"Convolutional Neural Network,  GRU, Support Vector Machine, Transformer","ADHD, Control",Accuracy 95%
126,"Li, S., Nair, R., Mohsen Naqvi, S.M.",Acoustic and Text Features Analysis for Adult ADHD Screening: A Data-Driven Approach Utilizing DIVA Interview,2024,22,Adult,"Audio data, Video data, Questionnaires, Textual data",Support Vector Machine,"ADHD, Control","Accuracy 78.4%, Precision 72.2%, Recall 85.7%, F1-Score 78.2%"
127,"Yoo, J.H., Kang, C., Lim, J.S., Wang, B., Choi, C.-H., Hwang, H., Han, D.H., Kim, H., Cheon, H., Kim, J.-W.",Development of an innovative approach using portable eye tracking to assist ADHD screening: a machine learning study,2024,135,Child,Retinal data,Random Forest,"ADHD-I, ADHD-H ",Accuracy 76.3%
128,"Chugh, N., Aggarwal, S., Balyan, A.",The Hybrid Deep Learning Model for Identification of Attention-Deficit/Hyperactivity Disorder Using EEG,2024,130,Both,EEG Signals,"Convolutional Neural Network,  Ensemble, Long Short-Term Memory","ADHD, Control","Accuracy  98.86% on ADHD dataset, Accuracy 98.28% on FOCUS dataset"
129,"Ke, H., Chen, D., Yao, Q., Tang, Y., Wu, J., Monaghan, J., Sowman, P., McAlpine, D.",Deep Factor Learning for Accurate Brain Neuroimaging Data Analysis on Discrimination for Structural MRI and Functional MRI,2024,40,Both,"fMRI, sMRI","Convolutional Neural Network,  RNN","ADHD, Control","Accuracy 99.91%, Sensitivity 100%, Specificity 99.70%"
130,"Grazioli, S., Crippa, A., Rosi, E., Candelieri, A., Busti Ceccarelli, S.B., Maddalena, M., Manzoni, M., Mauri, V., Trabattoni, S., Molteni, M., Colombo, P., Nobile, M.",Exploring telediagnostic procedures in child neuropsychiatry: addressing ADHD diagnosis and autism symptoms through supervised machine learning,2024,342,Child,Questionaires,"Decision Tree, Random Forest, Support Vector Machine","ADHD, Control",Accuracy 74%
131,"Parlatini, V., Radua, J., Solanes Font, A., Wichers, R., Maltezos, S., Sanefuji, M., Dell'Acqua, F., Catani, M., Thiebaut de Schotten, M., Murphy, D.",Poor response to methylphenidate is associated with a smaller dorsal attentive network in adult Attention-Deficit/Hyperactivity Disorder (ADHD),2023,60,Adult,Clinical data,Lasso Regression,"ADHD-I, ADHD-H ",Adults with ADHD who respond poorly to methylphenidate treatment have a smaller left dorsal (SLF I)
132,"Ehrig, L., Wagner, A.-C., Wolter, H., Correll, C.U., Geisel, O., Konigorski, S.",FASDetect as a machine learning-based screening app for FASD in youth with ADHD,2023,445,Child,Clinical data,Random Forest,"ADHD-I, ADHD-C",AUC 92% 
133,"Haque, U.M., Kabir, E., Khanam, R.","Early detection of paediatric and adolescent obsessive–compulsive, separation anxiety and attention deficit hyperactivity disorder using machine learning algorithms",2023,1011,Child,Survey,"Convolutional Neural Network, Decision Tree, Random Forest","ADHD-I, ADHD-H, ADHD-C","Accuracy 91%, Precision 94%, Specificity 99%"
134,"Shoeibi, A., Ghassemi, N., Khodatars, M., Moridian, P., Khosravi, A., Zare, A., Górriz, J.M., Chale-Chale, A.H., Khadem, A., Acharya, U.",Automatic diagnosis of schizophrenia and attention deficit hyperactivity disorder in rs-fMRI modality using convolutional autoencoder model and interval type-2 fuzzy regression,2023,163,Adult,rs-fMRI,"Autoencoder, Bayesian, Convolutional Neural Network, Decision Tree,  K Nearest, Random Forest, Support Vector Machine","ADHD, Control",Accuracy 72.71%
135,"Casalino, G., Castellano, G., Consiglio, A., Nuzziello, N., Vessio, G.",MicroRNA expression classification for pediatric multiple sclerosis identification,2023,47,Child,miRNA,Neural Network,"ADHD, Control","Accuracy 79%, "
136,"Alkahtani, H., Aldhyani, T.H.H., Ahmed, Z.A.T., AlQarni, A.A.",Developing System-Based Artificial Intelligence Models for Detecting the Deficit Hyperactivity Disorder,2023,121,Child,EEG Signals,"Convolutional Neural Network,  Random Forest","ADHD, Control",Accuracy 97.75%
137,"Yang, C.-M., Shin, J., Kim, J.I., Lim, Y.B., Park, S.H., Kim, B.-N.",Classifying Children with ADHD Based on Prefrontal Functional Near-infrared Spectroscopy Using Machine Learning,2023,73,Child,fNIRS,Regularized Linear Discriminant Analysis,"ADHD, Control","Accuracy 82%, Sensitivity 67%, Specificity 93%"
138,"Bibi, H.W., Ooi, C.P., Lih Oh, S.L., Barua, P.D., Tan, Y.R., Molinari, F., March, S., Acharya, U., Fung, D.S.S.",Deep Neural Network technique for automated detection of ADHD and CD using ECG signal,2023,123,Child,ECG Signals,Convolutional Neural Network,"ADHD, Control","Accuracy 96.04%, Precision 96.26%, Sensitivity 95.99%, F1-score 96.11%"
139,"Chauhan, N., Choi, B.-J.",Regional Contribution in Electrophysiological-Based Classifications of Attention Deficit Hyperactive Disorder (ADHD) Using Machine Learning,2023,121,Child,EEG Signals,"Decision Tree, Deep Learning, LDA, Naive Bayes, Random Forest, Support Vector Machine","ADHD, Control",Accuracy 84%
140,"Amado-Caballero, P., Casaseca-de-la-Higuera, P., Alberola-López, S., Andrés-De-Llano, J.M., López-Villalobos, J.A., Alberola-López, C.",Insight into ADHD diagnosis with deep learning on Actimetry: Quantitative interpretation of occlusion maps in age and gender subgroups,2023,139,Child,"Questionnaires, Behavioral data, Physiological data",Convolutional Neural Network,"ADHD-I, ADHD-H, Controls",Significant differences in the frequency patterns between ADHD and controls both in diurnal and nocturnal activity were found for all the populations
141,"Hu, L., Wan, Q., Huang, L., Tang, J., Huang, S., Chen, X., Bai, X., Kong, L., Deng, J., Liang, H., Liu, G., Liu, H., Lu, L.",MRI-based brain age prediction model for children under 3 years old using deep residual network,2023,888,Child,MRI,Convolutional Neural Network,"ADHD, Control",Correlation 91% between predicted brain age and the chronological age
142,"Lohani, D.C., Rana, B.",ADHD diagnosis using structural brain MRI and personal characteristic data with machine learning framework,2023,776,Child,fMRI,"Ensemble, K Nearest, Logistic Regression, Random Forest, Support Vector Machine","ADHD, Control",Accuracy 75%
143,"Kasim, Ö.",Identification of attention deficit hyperactivity disorder with deep learning model,2023,121,Child,EEG Signals,"Deep Learning, Support Vector Machine","ADHD, Control",Accuracy 95.54%
144,"Yang, Y., Ye, C., Ma, T.",A deep connectome learning network using graph convolution for connectome-disease association study,2023,1803,Child,rs-fMRI ,"Convolutional Neural Network,  Graph Neural Network","ADHD, Control","ASD Accuracy 72.41%, AUC 73.91%, ADHD Accuracy 67.45%, AUC 65.39%"
145,"Toki, E.I., Tatsis, G., Tatsis, V.A., Plachouras, K., Pange, J., Tsoulos, I.G.",Employing Classification Techniques on SmartSpeech Biometric Data towards Identification of Neurodevelopmental Disorders,2023,435,Child,Biometric data,"Convolutional Neural Network, Random Forest","ADHD, Control","Accuracy for Disorder 92.83%, Accuracy for Autism Spectrum Disorder 86.33%, Accuracy for Attention Deficit Hyperactivity Disorder 87.44%, Accuracy for Intellectual Disability 86.93%, Accuracy for Specific Learning Disorder 88.88%, Accuracy for Communication Disorder 88.70%"
146,"Esas, M.Y., Latifo?lu, F.",Detection of ADHD from EEG signals using new hybrid decomposition and deep learning techniques,2023,121,Child,EEG Signals,Neural Network,"ADHD, Control",Accuracy 87%
147,"Ortuño-Miró, S., Molina-Rodríguez, S., Belmonte, C., Ibáñez-Ballesteros, J.",Identifying ADHD boys by very-low frequency prefrontal fNIRS fluctuations during a rhythmic mental arithmetic task,2023,33,Child,fNIRS,"Deep Learning, Logistic Regression, Support Vector Machine","ADHD, Control",Accuracy 93.3%
148,"Park, C., Dehghan Rouzi, M.D., Atique, M.M.U., Finco, M.G., Mishra, R.K., Barba-Villalobos, G., Crossman, E., Amushie, C., Nguyen, J., Calarge, C., Najafi, B.",Machine Learning-Based Aggression Detection in Children with ADHD Using Sensor-Based Physical Activity Monitoring,2023,39,Child,"Demographic data, Anthropometric data, Clinical data",Random Forest,"ADHD, Control","Precision 80.2%, Accuracy 82.0%, Recall 85.0%, F1 score 82.4%, AUC 89.3%"
149,"Hámori, G., File, B., Fiáth, R., Pászthy, B., Réthelyi, J.M., Ulbert, I., Bunford, N.",Adolescent ADHD and electrophysiological reward responsiveness: A machine learning approach to evaluate classification accuracy and prognosis,2023,306,Child,"EEG Signals, Questionnaires",Support Vector Machine,"ADHD-I, ADHD-H, ADHD-C",Accuracy 65%
150,"Mooney, M.A., Neighbor, C., Karalunas, S., Dieckmann, N.F., Nikolas, M., Nousen, E., Tipsord, J., Song, X., Nigg, J.T.","Prediction of Attention-Deficit/Hyperactivity Disorder Diagnosis Using Brief, Low-Cost Clinical Measures: A Competitive Model Evaluation",2023,2487,Both,Clinical data,"Bayesian, Logistic Regression, Random Forest, Support Vector Machine","ADHD, Control",Accuracy 86%
151,"Alim, A., Imtiaz, M.H.",Automatic Identification of Children with ADHD from EEG Brain Waves,2023,120,Child,EEG Signals,Support Vector Machine,"ADHD, Control",Accuracy 94%
152,"Garcia-Argibay, M., Zhang-James, Y., Cortese, S., Lichtenstein, P., Larsson, H., Faraone, S.V.",Predicting childhood and adolescent attention-deficit/hyperactivity disorder onset: a nationwide deep learning approach,2023,238696,Both,Textual data,"Ensemble, Gradient Boosting, Logistic Regression, Neural Network, Random Forest, XGBoost","ADHD, Control","AUC 75% , Accuracy 69%. Sensitivity 71.66%, Specificity 65%"
153,"Goh, P.K., Martel, M.M., Jones, P.J., Bansal, P.S., Eng, A.G., Elkins, A.R., Thaxton, M.H., Barkley, R.A.",Clarifying Relations Between ADHD and Functional Impairment in Adulthood: Utilization of Network and Machine Learning Approaches,2023,1249,Adult,Textual data,Random Forest,"ADHD, Control","Hyperactive/impulsive is more strongly related to impairment in women, Difficulty organizing and easily distracted is more related to impairment in men"
154,"Li, D., Luo, X., Guo, J., Kong, Y., Hu, Y., Chen, Y., Zhu, Y., Wang, Y., Sun, L., Song, Y.",Information-based multivariate decoding reveals imprecise neural encoding in children with attention deficit hyperactivity disorder during visual selective attention,2023,135,Child,EEG Signals,Support Vector Machine,"ADHD-I, ADHD-C",Children with ADHD exhibit attentional deficits driven by imprecise neural encoding
155,"Lin, I.-C., Chang, S.-C., Huang, Y.-J., Kuo, T.B.J., Hung-Wen, H.-W.",Distinguishing different types of attention deficit hyperactivity disorder in children using artificial nn with clinical intelligent test,2023,567,Child,Clinical data,"Neural Network, Support Vector Machine","ADHD-I, ADHD-C","Accuracy 90.46% in training set, Accuracy 89.44% in testing set"
156,"de Lacy, N., Ramshaw, M.J.","Selectively predicting the onset of ADHD, oppositional defiant disorder, and conduct disorder in early adolescence with high accuracy",2023,11880,Child,"Phenotypic data, Behavioral data, Environmental data, Socio-demographic data, Survey ","Neural Network, Support Vector Machine","ADHD, Control","Accuracy 86–97%, AUROC 91.9–99.6%, Precision 82%, Recall 97%"
157,"Villa-Pérez, M.E., Trejo, L.A., Moin, M.B., Stroulia, E.",Extracting Mental Health Indicators From English and Spanish Social Media: A Machine Learning Approach,2023,3200,Adult,Textual data,"Convolutional Neural Network,  XGBoost","ADHD, Control","AUC 83.5% on Spanish dataset, AUC 84.6% on English dataset"
158,"Kim, B., Park, J., Kim, T., Kwon, Y.",Finding Essential Parts of the Brain in rs-fMRI Can Improve ADHD Diagnosis Using Deep Learning,2023,973,Child,rs-fMRI,"Convolutional Neural Network,  RNN","ADHD, Control",Accuracy 70.46%
159,"Shin, J., Maniruzzaman, M., Uchida, Y., Hasan, M., Megumi, A., Yasumura, A.",Handwriting-Based ADHD Detection for Children Having ASD Using Machine Learning Approaches,2023,29,Child,Textual data,"Support Vector Machine, Random Forest, Decision Tree, Gaussian Naïve Bayes, K-Nearest Neighbors, Logistic Regression, Extra Tree","ADHD, Control","Accuracy 93.10%, Recall 90.48%, Precision 95%, F1-Score 92.68%, AUC 93%"
160,"Shin, J., Konnai, S., Maniruzzaman, M., Hasan, M., Hirooka, K., Megumi, A., Yasumura, A.",Identifying ADHD for Children With Coexisting ASD From fNIRs Signals Using Deep Learning Approach,2023,28,Child,fNIRs,"Convolutional Neural Network,  Long Short-Term Memory","ADHD, Control","Accuracy 94.0%, Sensitivity 89.7%, Specificity 97.8%, F1-Score 93.3%, AUC 93.8%"
161,"Chen, T., Tachmazidis, I., Batsakis, S., Adamou, M., Papadakis, E., Antoniou, G.",Diagnosing attention-deficit hyperactivity disorder (ADHD) using artificial intelligence: a clinical study in the UK,2023,501,Adult,"EEG Signals, Questionnaires","Gradient Boosting, K Nearest, Logistic Regression, Naive Bayes, Neural Network, Random Forest, Support Vector Machine","ADHD, Control",Accuracy 93.61%
162,"Maniruzzaman, M., Hasan, M., Asai, N., Shin, J.",Optimal Channels and Features Selection Based ADHD Detection From EEG Signal Using Statistical and Machine Learning Techniques,2023,121,Child,EEG Signals,"Decision Tree, Deep Learning, K Nearest, Logistic Regression, Random Forest, Support Vector Machine","ADHD, Control","Accuracy 97.53%, AUC 99.9%"
163,"Lin, H., Haider, S.P., Kaltenhauser, S., Mozayan, A., Malhotra, A., Constable, R.T., Scheinost, D., Ment, L.R., Konrad, K., Payabvash, S.",Population level multimodal neuroimaging correlates of attention-deficit hyperactivity disorder among children,2023,7805,Child,"sMRI, dMRI, fMRI",Logistic Regression,"ADHD, Control",AUC 61.3%
164,"Chen, C.-C., Wu, E.H.-K., Chen, Y.-Q., Tsai, H.-J., Chung, C.-R., Yeh, S.-C.",Neuronal Correlates of Task Irrelevant Distractions Enhance the Detection of Attention Deficit/Hyperactivity Disorder,2023,81,Child,EEG Signals,Neural Network,"ADHD, Control",Accuracy 92%
165,"Lee, W., Lee, D.-W., Lee, S.-H., Jun, K., Kim, M.S.",Deep-Learning-Based ADHD Classification Using Children’s Skeleton Data Acquired through the ADHD Screening Game,2023,596,Child,"Skeleton data, Image data","Deep Learning, GRU, Long Short-Term Memory, RNN","ADHD, Control",Accuracy 97.82%
166,"Lee, W., Lee, S.-H., Lee, D.-W., Jun, K., Ahn, D.H., Kim, M.S.",Deep Learning-Based ADHD and ADHD-RISK Classification Technology through the Recognition of Children’s Abnormal Behaviors during the Robot-Led ADHD Screening Game,2023,596,Child,Skeleton data,"Deep Learning, Long Short-Term Memory","ADHD, Control",Accuracy 98.15%
167,"Schulte-Rüther, M., Kulvi?ius, T., Stroth, S., Wolff, N., Roessner, V., Marschik, P.B., Kamp-Becker, I., Poustka, L.",Using machine learning to improve diagnostic assessment of ASD in the light of specific differential and co-occurring diagnoses,2023,1251,Child,Clinical data,Random Forest,"ASD, ANX, ADHD, CD","Sensitivity 94%, Specificity 89%"
168,"Ter-Minassian, L., Viani, N., Wickersham, A., Cross, L., Stewart, R., Velupillai, S., Downs, J.",Assessing machine learning for fair prediction of ADHD in school pupils using a retrospective cohort study of linked education and healthcare data,2022,56258,Child,"Retinal data, Educational data, Clinical data.","Logistic Regression, Neural Network, Random Forest, Support Vector Machine","ADHD, Control","AUC 88%, Precision 98.6%, Recall 81%, F1 Score 88.5%"
169,"Wolff, N., Kohls, G., Mack, J.T., Vahid, A., Elster, E.M., Stroth, S., Poustka, L., Kuepper, C., Roepke, S., Kamp-Becker, I., Roessner, V.",A data driven machine learning approach to differentiate between autism spectrum disorder and attention-deficit/hyperactivity disorder based on the best-practice diagnostic instruments for autism,2022,2453,Both,Clinical data,Support Vector Machine,"ASD, ADHD, ND","AUC 91%, Sensitivity 68%, Specificity 73%"
170,"Wang, L.-J., Kuo, H.-C., Lee, S.-Y., Huang, L.-H., Lin, Y., Lin, P.-H., Li, S.-C.",MicroRNAs serve as prediction and treatment-response biomarkers of attention-deficit/hyperactivity disorder and promote the differentiation of neuronal cells by repressing the apoptosis pathway,2022,228,Child,Clinical data,"Random Forest, Support Vector Machine, Gradient Boosting Machine","ADHD, Control","Sensitivity 96%, Specificity 94.2%"
171,"Qin, Y., Lou, Y., Huang, Y., Chen, R., Yue, W.",An Ensemble Deep Learning Approach Combining Phenotypic Data and fMRI for ADHD Diagnosis,2022,973,Child,fMRI,"Convolutional Neural Network,  Ensemble, Random Forest, Transformer","ADHD, Control",Accuracy 74.5%
172,"Barua, P.D., Do?an, S., Baygin, M., Tuncer, T., Palmer, E.E., Ciaccio, E.J., Acharya, U.",TMP19: A Novel Ternary Motif Pattern-Based ADHD Detection Model Using EEG Signals,2022,121,Child,EEG Signals,"Deep Learning, K Nearest","ADHD, Control",Accuracy 95.57%
173,"Jafari, P., Mehrabani-Zeinabad, K., Javadi, S., Ghanizadeh, A., Bagheri, Z.",A Machine Learning Approach to Assess Differential Item Functioning of the KINDL Quality of Life Questionnaire Across Children with and Without ADHD,2022,2396,Both,Survey,"Generalized Partial Credit Model with Lasso Penalization, ML","ADHD, Control",Observed differences in quality of life scores are real differences
174,"Rezaei, M., Zare, H., Hakimdavoodi, H., Naseri, S., Hebrani, P.",Classification of drug-naive children with attention-deficit/hyperactivity disorder from typical development controls using resting-state fMRI and graph theoretical approach,2022,112,Child,rs-fMRI,"Gradient Boosting, Random Forest, Support Vector Machine","ADHD-I, ADHD-C",Accuracy 78.2%
175,"Wang, C., Wang, X., Jing, X., Yokoi, H., Huang, W., Zhu, M., Chen, S., Li, G.",Towards high-accuracy classifying attention-deficit/hyperactivity disorders using CNN-LSTM model,2022,144,Child,EEG Signals ,"Convolutional Neural Network,  Long Short-Term Memory","ADHD, Control",Accuracy 98.23%
176,"Chien, Y.-L., Lin, H.-Y., Tung, Y.-H., Hwang, T.-J., Chen, C.-L., Wu, C.-S., Shang, C.-Y., Hwu, H.-G., Tseng, W.-Y.I., Liu, C.-M., Gau, S.S.-F.",Neurodevelopmental model of schizophrenia revisited: similarity in individual deviation and idiosyncrasy from the normative model of whole-brain white matter tracts and shared brain-cognition covariation with ADHD and ASD,2022,735,Both,dMRI,K-Means Clustering,"ADHD, ASD, Schizophrenia","Schizophrenia, ADHD, ASD share linked cognitive dimensions"
177,"Ghaderyan, P., Moghaddam, F., Khoshnoud, S., Shamsi, M.",New interdependence feature of EEG signals as a biomarker of timing deficits evaluated in Attention-Deficit/Hyperactivity Disorder detection,2022,33,Child,EEG Signals,Sparse Non-Negative Least-Square Coding,"ADHD, Control",Accuracy 99.17%
178,"Mikoláš, P., Vahid, A., Bernardoni, F., Süß, M., Martini, J., Be?te, C., Bluschke, A.",Training a machine learning classifier to identify ADHD based on real-world clinical data from medical records,2022,299,Child,Clinical data,Support Vector Machine,"ADHD, Control",Accuracy 66.1%
179,"Kaur, A., Kahlon, K.S.",Accurate Identification of ADHD among Adults Using Real-Time Activity Data,2022,103,Adult,Activity data,"Bayesian, K Nearest, Naive Bayes, Random Forest, Support Vector Machine","ADHD, Control","Accuracy 98.43%, F-measure 98.42%, Sensitivity 98.33%, Specificity 98.56%, AUC 98.3%"
180,"Altun, S., Alkan, A., Altun, H.",Application of deep learning and classical machine learning methods in the diagnosis of attention deficit hyperactivity disorder according to temperament features,2022,120,Child,Psycological data,"Decision Tree, Deep Learning, Long Short-Term Memory","ADHD, Control",Accuracy 88%
181,"Doi, H., Kanai, C., Ohta, H.",Transdiagnostic and sex differences in cognitive profiles of autism spectrum disorder and attention-deficit/hyperactivity disorder,2022,526,Adult,Cognitive data,Random Forest,"ADHD, ASD",Gender is a critical factor in cognitive profiles of people with ASD and ADHD
182,"Curtin, P., Neufeld, J., Curtin, A., Arora, M., Bölte, S.",Altered Periodic Dynamics in the Default Mode Network in Autism and Attention-Deficit/Hyperactivity Disorder,2022,292,Child,rs-FC,Neural Network,"ADHD, ASD","ASD Accuracy 81.0%, AUC 85%, ADHD Accuracy 82%, AUC 87%"
183,"Brynge, M., Gardner, R.M., Sjöqvist, H., Lee, B.K., Dalman, C., Karlsson, H.",Maternal Levels of Cytokines in Early Pregnancy and Risk of Autism Spectrum Disorders in Offspring,2022,4233,Child,Biological data,Random Forest,"ADHD, Control",Accuracy 60.7%
184,"Chen, M., Li, H., Fan, H., Dillman, J.R., Wang, H., Altaye, M., Zhang, B., Parikh, N.A., He, L.",ConCeptCNN: A novel multi-filter Convolutional  Neural Network for the prediction of neurodevelopmental disorders using brain connectome,2022,1368,Child,rs-fMRI,"Convolutional Neural Network,  Logistic Regression, Support Vector Machine, Transfer Learning","ADHD, Control",Accuracy 78.7%
185,"Maniruzzaman, M., Shin, J., Hasan, M.",Predicting Children with ADHD Using Behavioral Activity: A Machine Learning Analysis,2022,59963,Child,Demographic data,"Convolutional Neural Network, Decision Tree, K Nearest, Logistic Regression, Random Forest, Support Vector Machine, XGBoost","ADHD, Control","Accuracy 85.5%, Sensitivity 84.4%, Specificity 86.4%, AUC 94%"
186,"Liu, Y., Qu, H.-Q., Mentch, F.D., Qu, J., Chang, X., Nguyen, K., Tian, L., Glessner, J.T., Sleiman, P.M.A., Håkonarson, H.",Application of deep learning algorithm on whole genome sequencing data uncovers structural variants associated with multiple mental disorders in African American patients,2022,4179,Both,Clinical data,MLP,"ADHD, Control",Accuracy 65%
187,"Chang, Y., Stevenson, C., Chen, I.-C., Lin, D.-S., Ko, L.-W.",Neurological state changes indicative of ADHD in children learned via EEG-based LSTM networks,2022,60,Child,EEG Signals,"Convolutional Neural Network,  Long Short-Term Memory, Support Vector Machine","ADHD, Control",Accuracy 90.50 ± 0.81%
188,"Taghibeyglou, B., Shahbazi, A., Bagheri, F., Akbarian, S., Jahed, M.",Detection of ADHD cases using Convolutional nn and classical classifiers of raw EEG,2022,121,Child,EEG Signals ,"Convolutional Neural Network, Logistic Regression, Random Forest, Support Vector Machine","ADHD, Control",Accuracy 86.33±2.64%
189,"Mohd, A., Mohd Ali, A.M., Halim, S.A.",Detecting ADHD Subjects Using Machine Learning Algorithm,2022,103,Adult,Activity data ,Convolutional Neural Network,"ADHD, Control",Accuracy 82%
190,"Mafi, M., Radfar, S.",High Dimensional Convolutional Neural Network for EEG Connectivity-Based Diagnosis of ADHD,2022,121,Child,EEG Signals ,"Convolutional Neural Network,  Support Vector Machine","ADHD, Control","Accuracy 98.56% for 4D CNN, Accuracy 98.85% for 6D CNN"
191,"Mahesh, T.R., Goswami, T., Sriramulu, S., Sharma, N., Kumari, A., Khekare, G.",Cognitive Based Attention Deficit Hyperactivity Disorder Detection with Ability Assessment Using Auto Encoder Based Hidden Markov Model,2022,26,Adult,Behavioural data,Autoencoder,"ADHD, Control","Accuracy 93.68%, Sensitivity 90.66%,  Specificity 87.72%, F1-score 87.78%, Kappa Score 74.22%"
192,"Alam, S., Raja, P., Gulzar, Y.",Investigation of Machine Learning Methods for Early Prediction of Neurodevelopmental Disorders in Children,2022,2156,Both,Image data,Convolutional Neural Network,"ADHD, Control",ANN and SVM can analyze EEG signals better to differentiate between ADHD and Controls
193,"Saini, S., Rani, R., Kalra, N.",Prediction of Attention Deficit Hyperactivity Disorder (ADHD) using machine learning Techniques based on classification of EEG signal,2022,157,Child,EEG Signals,"K Nearest, Logistic Regression, Naive Bayes, Neural Network","ADHD, Control",Accuracy 89%
194,"Stanley, E.A.M., Rajashekar, D., Mouches, P., Wilms, M., Plettl, K., Forkert, N.D.",A fully Convolutional Neural Network for explainable classification of attention deficit hyperactivity disorder,2022,11880,Child,MRI,Convolutional Neural Network,"ADHD, Control","Accuracy 71.1%, Sensitivity 68.4%, Specificity 73.7%"
195,"Khan, A.R., Khosravi, S., Hussain, S., Ghannam, R., Zoha, A., Imran, M.A.",EXECUTE: Exploring Eye Tracking to Support E-learning,2022,25,Child,Retinal data,"Logistic Regression, Support Vector Machine","ADHD, Control",Accuracy 91%
196,"Hamedi, N., Khadem, A., Delrobaei, M., Babajani-Feremi, A.",Detecting ADHD Based on Brain Functional Connectivity Using Resting-State MEG Signals,2022,50,Adult,rs-MEG,"Decision Tree, K Nearest, Support Vector Machine","ADHD, Control",Accuracy 91.1%
197,"Maniruzzaman, M., Shin, J., Hasan, M., Yasumura, A.",Efficient Feature Selection and Machine Learning Based ADHD Detection Using EEG Signal,2022,121,Child,EEG Signals,"K Nearest, Logistic Regression, Support Vector Machine","ADHD, Control","Accuracy 93.4%, Sensitivity 91.7%, F1-score 91.1%, AUC 96%"
198,"Caza-Szoka, M., Massicotte, D.",Windowing Compensation in Fourier Based Surrogate Analysis and Application to EEG Signal Classification,2022,15,Both,EEG Signals ,Bayesian,"ADHD-H, ADHD-I, ANX",Accuracy 93%
199,"Koh, J.E.W., Ooi, C.P., Lim-Ashworth, N.S., Jahmunah, J., Tor, H.T., Lih, O.S., Tan, R.-S., Acharya, U., Fung, D.S.S.",Automated classification of attention deficit hyperactivity disorder and conduct disorder using entropy features with ECG signals,2022,123,Child,ECG Signals,"Support Vector Machine, KNN, Random Forest","ADHD, Control","Accuracy 87.19%, Sensitivity 87.71%, Specificity 86.29%"
200,"Liu, S., Zhao, L., Zhao, J., Li, B., Wang, S.-H.",Attention deficit/hyperactivity disorder Classification based on deep spatio-temporal features of functional Magnetic Resonance Imaging,2022,973,Child,rs-fMRI ,"Autoencoder, Convolutional Neural Network,  Ensemble, GRU, Support Vector Machine","ADHD, Control",Improve Performance upto 10.9%
201,"Joy, R., George, S., Albert Rajan, A., M.S.P., M.S.P.",Detection of ADHD From EEG Signals Using Different Entropy Measures and Ann,2022,10,Child,EEG Signals,"Neural Network, Support Vector Machine","ADHD, Control","Accuracy 99.82%, Sensitivity 98.21%, Specificity 98.82%."
